"seed","RMSE_Decision_Tree","RMSE_XGBoost"
125,0.0938686792832677,0.0587996742374306
